Model,Accuracy,Precision,Recall,F1,ROC-AUC
Logistic Regression,0.8524590163934426,0.8064516129032258,0.8928571428571429,0.847457627118644,0.935064935064935
Decision Tree,0.7213114754098361,0.6571428571428571,0.8214285714285714,0.7301587301587301,0.7288961038961038
Random Forest,0.8524590163934426,0.8064516129032258,0.8928571428571429,0.847457627118644,0.941017316017316
SVM,0.7049180327868853,0.7272727272727273,0.5714285714285714,0.64,0.7813852813852814
